,PassengerId,Survived,Pclass,Name,Sex,Age,SibSp,Parch,Ticket,Fare,Cabin,Embarked
33,34,0,2,"Wheadon, Mr. Edward H",male,66.0,0,0,C.A. 24579,10.5,,S
78,79,1,2,"Caldwell, Master. Alden Gates",male,0.83,0,2,248738,29.0,,S
96,97,0,1,"Goldschmidt, Mr. George B",male,71.0,0,0,PC 17754,34.6542,A5,C
116,117,0,3,"Connors, Mr. Patrick",male,70.5,0,0,370369,7.75,,Q
305,306,1,1,"Allison, Master. Hudson Trevor",male,0.92,1,2,113781,151.55,C22 C26,S
469,470,1,3,"Baclini, Miss. Helene Barbara",female,0.75,2,1,2666,19.2583,,C
493,494,0,1,"Artagaveytia, Mr. Ramon",male,71.0,0,0,PC 17609,49.5042,,C
630,631,1,1,"Barkworth, Mr. Algernon Henry Wilson",male,80.0,0,0,27042,30.0,A23,S
644,645,1,3,"Baclini, Miss. Eugenie",female,0.75,2,1,2666,19.2583,,C
672,673,0,2,"Mitchell, Mr. Henry Michael",male,70.0,0,0,C.A. 24580,10.5,,S
745,746,0,1,"Crosby, Capt. Edward Gifford",male,70.0,1,1,WE/P 5735,71.0,B22,S
755,756,1,2,"Hamalainen, Master. Viljo",male,0.67,1,1,250649,14.5,,S
803,804,1,3,"Thomas, Master. Assad Alexander",male,0.42,0,1,2625,8.5167,,C
831,832,1,2,"Richards, Master. George Sibley",male,0.83,1,1,29106,18.75,,S
851,852,0,3,"Svensson, Mr. Johan",male,74.0,0,0,347060,7.775,,S
